{"epoch/loss": 4.15386054442024e-08, "epoch/val_loss": 4.105842066337573e-08, "epoch/epoch": 354, "epoch/learning_rate": 0.0010000000474974513, "_timestamp": 1711069837.541941, "_runtime": 10.324123859405518, "_step": 354, "_wandb": {"runtime": 9}}